{
  "pages": [{
      "path": "pages/index/index",
      "style": {
        "navigationStyle": "custom",
        "navigationBarTitleText": "苍穹外卖"
      }
    },
    {
      "path": "pages/order/index",
      "style": {
				"navigationStyle": "custom",
        "navigationBarTitleText": "提交订单",
        "enablePullDownRefresh": false,
        "navigationBarBackgroundColor": "#333333"

      }
    },
	{
	  "path": "pages/details/index",
	  "style": {
			"navigationStyle": "custom",
	    "navigationBarTitleText": "订单详情",
	    "enablePullDownRefresh": false,
	    "navigationBarBackgroundColor": "#333333"
	
	  }
	},
	{
	  "path": "pages/pay/index",
	  "style": {
	    "navigationBarTitleText": "支付订单",
	    "enablePullDownRefresh": false,
	    "navigationBarBackgroundColor": "#333333"
	  }
	},
    {
      "path": "pages/success/index",
      "style": {
        "navigationBarTitleText": "提交成功",
        "enablePullDownRefresh": false,
        "navigationBarBackgroundColor": "#333333"
      }
    },
    {
      "path": "pages/nonet/index",
      "style": {
        "navigationBarTitleText": "无网络"
      }
    }, {
      "path": "pages/address/address",
      "style": {
        "navigationStyle": "custom",
        "navigationBarTitleText": "地址管理",
        "enablePullDownRefresh": false,
        "navigationBarBackgroundColor": "#333333"
      }
    },{
      "path": "pages/remark/index",
      "style": {
        "navigationStyle": "custom",
        "navigationBarTitleText": "订单备注",
        "enablePullDownRefresh": false,
        "navigationBarBackgroundColor": "#333333"
      }
    },
    {
      "path": "pages/my/my",
      "style": {
				"navigationStyle": "custom",
        "navigationBarTitleText": "个人中心",
        "enablePullDownRefresh": false,
        "navigationBarBackgroundColor": "#ffc200"
        // "navigationBarTextStyle": "black"
      }
    },
    {
      "path": "pages/addOrEditAddress/addOrEditAddress",
      "style": {
        "navigationStyle": "custom",
        "navigationBarTitleText": "新增收获地址",
        "enablePullDownRefresh": false,
        "navigationBarBackgroundColor": "#333333"
      }

    },
    {
      "path": "pages/historyOrder/historyOrder",
      "style": {
				"navigationStyle": "custom",
        "navigationBarTitleText": "历史订单",
        "enablePullDownRefresh": false,
        "navigationBarBackgroundColor": "#333333"

      }
    }
    ],
  "globalStyle": {
    "navigationBarTextStyle": "white",
    "navigationBarTitleText": "苍穹外卖",
    "navigationBarBackgroundColor": "#E95F3C",
    // "navigationBarBackground": "#E95F3C",
    "backgroundColor": "#F8F8F8"
  },
  "condition": { // 模式配置，仅开发期间生效
    "current": 0, // 当前激活的模式(list 的索引项)
    "list": [{
      "name": "历史订单", // 模式名称
      "path": "pages/historyOrder/historyOrder", // 启动页面，必选
      "query": "" // 启动参数，在页面的onLoad函数里面得到
    }]
  }
  // "easycom": {
  // 		"autoscan": true,
  // 		"custom": {
  // 			// uni-ui 规则如下配置
  // 			"^uni-(.*)": "@dcloudio/uni-ui/lib/uni-$1/uni-$1.vue"
  // 		}
  // 	}
}
