{"file:///d%3A/project/project-rjwm-weixin-uniapp/%E5%B0%8F%E7%A8%8B%E5%BA%8F%E5%BC%80%E5%8F%91%E6%B5%81%E7%A8%8B.md":{"language":"Markdown","code":52,"comment":0,"blank":39},"file:///d%3A/project/project-rjwm-weixin-uniapp/utils/webscoket.js":{"language":"JavaScript","code":50,"comment":0,"blank":10},"file:///d%3A/project/project-rjwm-weixin-uniapp/utils/stomp.js":{"language":"JavaScript","code":440,"comment":19,"blank":38},"file:///d%3A/project/project-rjwm-weixin-uniapp/utils/request.js":{"language":"JavaScript","code":36,"comment":6,"blank":3},"file:///d%3A/project/project-rjwm-weixin-uniapp/styles/common.scss":{"language":"SCSS","code":373,"comment":18,"blank":4},"file:///d%3A/project/project-rjwm-weixin-uniapp/utils/index.js":{"language":"JavaScript","code":97,"comment":66,"blank":9},"file:///d%3A/project/project-rjwm-weixin-uniapp/utils/env.js":{"language":"JavaScript","code":1,"comment":5,"blank":1},"file:///d%3A/project/project-rjwm-weixin-uniapp/utils/common.js":{"language":"JavaScript","code":55,"comment":10,"blank":0},"file:///d%3A/project/project-rjwm-weixin-uniapp/uni_modules/uni-scss/variables.scss":{"language":"SCSS","code":37,"comment":13,"blank":13},"file:///d%3A/project/project-rjwm-weixin-uniapp/uni_modules/uni-scss/theme.scss":{"language":"SCSS","code":19,"comment":11,"blank":2},"file:///d%3A/project/project-rjwm-weixin-uniapp/uni_modules/uni-ui/readme.md":{"language":"Markdown","code":179,"comment":0,"blank":69},"file:///d%3A/project/project-rjwm-weixin-uniapp/uni_modules/uni-ui/package.json":{"language":"JSON","code":128,"comment":0,"blank":0},"file:///d%3A/project/project-rjwm-weixin-uniapp/uni_modules/uni-scss/styles/tools/functions.scss":{"language":"SCSS","code":17,"comment":1,"blank":2},"file:///d%3A/project/project-rjwm-weixin-uniapp/uni_modules/uni-ui/components/uni-ui/uni-ui.vue":{"language":"Vue","code":7,"comment":0,"blank":1},"file:///d%3A/project/project-rjwm-weixin-uniapp/uni_modules/uni-scss/styles/index.scss":{"language":"SCSS","code":7,"comment":0,"blank":1},"file:///d%3A/project/project-rjwm-weixin-uniapp/uni_modules/uni-ui/changelog.md":{"language":"Markdown","code":381,"comment":0,"blank":3},"file:///d%3A/project/project-rjwm-weixin-uniapp/uni_modules/uni-scss/readme.md":{"language":"Markdown","code":3,"comment":0,"blank":1},"file:///d%3A/project/project-rjwm-weixin-uniapp/uni_modules/uni-scss/package.json":{"language":"JSON","code":82,"comment":0,"blank":1},"file:///d%3A/project/project-rjwm-weixin-uniapp/uni_modules/uni-scss/index.scss":{"language":"SCSS","code":1,"comment":0,"blank":1},"file:///d%3A/project/project-rjwm-weixin-uniapp/uni_modules/uni-scss/changelog.md":{"language":"Markdown","code":8,"comment":0,"blank":1},"file:///d%3A/project/project-rjwm-weixin-uniapp/uni_modules/uni-transition/readme.md":{"language":"Markdown","code":6,"comment":0,"blank":5},"file:///d%3A/project/project-rjwm-weixin-uniapp/uni_modules/uni-scss/styles/setting/_variables.scss":{"language":"SCSS","code":103,"comment":29,"blank":15},"file:///d%3A/project/project-rjwm-weixin-uniapp/uni_modules/uni-transition/package.json":{"language":"JSON","code":87,"comment":0,"blank":0},"file:///d%3A/project/project-rjwm-weixin-uniapp/uni_modules/uni-scss/styles/setting/_text.scss":{"language":"SCSS","code":19,"comment":4,"blank":2},"file:///d%3A/project/project-rjwm-weixin-uniapp/uni_modules/uni-scss/styles/setting/_styles.scss":{"language":"SCSS","code":149,"comment":3,"blank":16},"file:///d%3A/project/project-rjwm-weixin-uniapp/uni_modules/uni-transition/changelog.md":{"language":"Markdown","code":20,"comment":0,"blank":1},"file:///d%3A/project/project-rjwm-weixin-uniapp/uni_modules/uni-scss/styles/setting/_space.scss":{"language":"SCSS","code":54,"comment":0,"blank":2},"file:///d%3A/project/project-rjwm-weixin-uniapp/uni_modules/uni-scss/styles/setting/_radius.scss":{"language":"SCSS","code":52,"comment":1,"blank":3},"file:///d%3A/project/project-rjwm-weixin-uniapp/uni_modules/uni-scss/styles/setting/_color.scss":{"language":"SCSS","code":49,"comment":16,"blank":2},"file:///d%3A/project/project-rjwm-weixin-uniapp/uni_modules/uni-scss/styles/setting/_border.scss":{"language":"SCSS","code":3,"comment":0,"blank":0},"file:///d%3A/project/project-rjwm-weixin-uniapp/uni_modules/uni-title/readme.md":{"language":"Markdown","code":6,"comment":0,"blank":9},"file:///d%3A/project/project-rjwm-weixin-uniapp/uni_modules/uni-title/package.json":{"language":"JSON","code":88,"comment":0,"blank":0},"file:///d%3A/project/project-rjwm-weixin-uniapp/uni_modules/uni-title/changelog.md":{"language":"Markdown","code":8,"comment":0,"blank":1},"file:///d%3A/project/project-rjwm-weixin-uniapp/uni_modules/uni-transition/components/uni-transition/uni-transition.vue":{"language":"Vue","code":232,"comment":41,"blank":5},"file:///d%3A/project/project-rjwm-weixin-uniapp/uni_modules/uni-transition/components/uni-transition/createAnimation.js":{"language":"JavaScript","code":100,"comment":20,"blank":9},"file:///d%3A/project/project-rjwm-weixin-uniapp/uni_modules/uni-title/components/uni-title/uni-title.vue":{"language":"Vue","code":133,"comment":28,"blank":11},"file:///d%3A/project/project-rjwm-weixin-uniapp/uni_modules/uni-test/readme.md":{"language":"Markdown","code":5,"comment":0,"blank":5},"file:///d%3A/project/project-rjwm-weixin-uniapp/uni_modules/uni-test/package.json":{"language":"JSON","code":83,"comment":0,"blank":1},"file:///d%3A/project/project-rjwm-weixin-uniapp/uni_modules/uni-tag/readme.md":{"language":"Markdown","code":6,"comment":0,"blank":8},"file:///d%3A/project/project-rjwm-weixin-uniapp/uni_modules/uni-tag/package.json":{"language":"JSON","code":87,"comment":0,"blank":0},"file:///d%3A/project/project-rjwm-weixin-uniapp/uni_modules/uni-test/components/uni-test/uni-test.vue":{"language":"Vue","code":22,"comment":0,"blank":5},"file:///d%3A/project/project-rjwm-weixin-uniapp/uni_modules/uni-tag/changelog.md":{"language":"Markdown","code":21,"comment":0,"blank":1},"file:///d%3A/project/project-rjwm-weixin-uniapp/uni_modules/uni-test/changelog.md":{"language":"Markdown","code":33,"comment":0,"blank":7},"file:///d%3A/project/project-rjwm-weixin-uniapp/uni_modules/uni-tag/components/uni-tag/uni-tag.vue":{"language":"Vue","code":187,"comment":36,"blank":30},"file:///d%3A/project/project-rjwm-weixin-uniapp/uni_modules/uni-swipe-action/readme.md":{"language":"Markdown","code":6,"comment":0,"blank":5},"file:///d%3A/project/project-rjwm-weixin-uniapp/uni_modules/uni-swipe-action/package.json":{"language":"JSON","code":87,"comment":0,"blank":0},"file:///d%3A/project/project-rjwm-weixin-uniapp/uni_modules/uni-table/i18n/index.js":{"language":"JavaScript","code":12,"comment":0,"blank":1},"file:///d%3A/project/project-rjwm-weixin-uniapp/uni_modules/uni-table/i18n/fr.json":{"language":"JSON","code":9,"comment":0,"blank":1},"file:///d%3A/project/project-rjwm-weixin-uniapp/uni_modules/uni-table/i18n/es.json":{"language":"JSON","code":9,"comment":0,"blank":1},"file:///d%3A/project/project-rjwm-weixin-uniapp/uni_modules/uni-table/i18n/en.json":{"language":"JSON","code":9,"comment":0,"blank":1},"file:///d%3A/project/project-rjwm-weixin-uniapp/uni_modules/uni-steps/readme.md":{"language":"Markdown","code":6,"comment":0,"blank":8},"file:///d%3A/project/project-rjwm-weixin-uniapp/uni_modules/uni-steps/package.json":{"language":"JSON","code":89,"comment":0,"blank":0},"file:///d%3A/project/project-rjwm-weixin-uniapp/uni_modules/uni-table/i18n/zh-Hant.json":{"language":"JSON","code":9,"comment":0,"blank":1},"file:///d%3A/project/project-rjwm-weixin-uniapp/uni_modules/uni-swipe-action/components/uni-swipe-action/uni-swipe-action.vue":{"language":"Vue","code":37,"comment":19,"blank":5},"file:///d%3A/project/project-rjwm-weixin-uniapp/uni_modules/uni-steps/components/uni-steps/uni-steps.vue":{"language":"Vue","code":202,"comment":40,"blank":28},"file:///d%3A/project/project-rjwm-weixin-uniapp/uni_modules/uni-table/i18n/zh-Hans.json":{"language":"JSON","code":9,"comment":0,"blank":1},"file:///d%3A/project/project-rjwm-weixin-uniapp/uni_modules/uni-steps/changelog.md":{"language":"Markdown","code":15,"comment":0,"blank":2},"file:///d%3A/project/project-rjwm-weixin-uniapp/uni_modules/uni-swipe-action/changelog.md":{"language":"Markdown","code":33,"comment":0,"blank":1},"file:///d%3A/project/project-rjwm-weixin-uniapp/uni_modules/uni-table/changelog.md":{"language":"Markdown","code":21,"comment":0,"blank":1},"file:///d%3A/project/project-rjwm-weixin-uniapp/uni_modules/uni-swiper-dot/readme.md":{"language":"Markdown","code":6,"comment":0,"blank":5},"file:///d%3A/project/project-rjwm-weixin-uniapp/uni_modules/uni-swiper-dot/package.json":{"language":"JSON","code":87,"comment":0,"blank":0},"file:///d%3A/project/project-rjwm-weixin-uniapp/uni_modules/uni-table/readme.md":{"language":"Markdown","code":5,"comment":0,"blank":9},"file:///d%3A/project/project-rjwm-weixin-uniapp/uni_modules/uni-swipe-action/components/uni-swipe-action-item/wx.wxs":{"language":"XML","code":305,"comment":0,"blank":37},"file:///d%3A/project/project-rjwm-weixin-uniapp/uni_modules/uni-table/package.json":{"language":"JSON","code":86,"comment":0,"blank":0},"file:///d%3A/project/project-rjwm-weixin-uniapp/uni_modules/uni-swiper-dot/components/uni-swiper-dot/uni-swiper-dot.vue":{"language":"Vue","code":164,"comment":39,"blank":16},"file:///d%3A/project/project-rjwm-weixin-uniapp/uni_modules/uni-table/components/uni-td/uni-td.vue":{"language":"Vue","code":76,"comment":9,"blank":6},"file:///d%3A/project/project-rjwm-weixin-uniapp/uni_modules/uni-table/components/uni-tr/uni-tr.vue":{"language":"Vue","code":141,"comment":22,"blank":9},"file:///d%3A/project/project-rjwm-weixin-uniapp/uni_modules/uni-table/components/uni-th/uni-th.vue":{"language":"Vue","code":243,"comment":25,"blank":7},"file:///d%3A/project/project-rjwm-weixin-uniapp/uni_modules/uni-table/components/uni-th/filter-dropdown.vue":{"language":"Vue","code":464,"comment":0,"blank":40},"file:///d%3A/project/project-rjwm-weixin-uniapp/uni_modules/uni-table/components/uni-tr/table-checkbox.vue":{"language":"Vue","code":156,"comment":12,"blank":12},"file:///d%3A/project/project-rjwm-weixin-uniapp/uni_modules/uni-swipe-action/components/uni-swipe-action-item/uni-swipe-action-item.vue":{"language":"Vue","code":265,"comment":53,"blank":27},"file:///d%3A/project/project-rjwm-weixin-uniapp/uni_modules/uni-table/components/uni-tbody/uni-tbody.vue":{"language":"Vue","code":26,"comment":0,"blank":4},"file:///d%3A/project/project-rjwm-weixin-uniapp/uni_modules/uni-swipe-action/components/uni-swipe-action-item/render.js":{"language":"JavaScript","code":169,"comment":74,"blank":28},"file:///d%3A/project/project-rjwm-weixin-uniapp/uni_modules/uni-swipe-action/components/uni-swipe-action-item/mpwxs.js":{"language":"JavaScript","code":69,"comment":10,"blank":4},"file:///d%3A/project/project-rjwm-weixin-uniapp/uni_modules/uni-swipe-action/components/uni-swipe-action-item/mpother.js":{"language":"JavaScript","code":201,"comment":43,"blank":14},"file:///d%3A/project/project-rjwm-weixin-uniapp/uni_modules/uni-swipe-action/components/uni-swipe-action-item/mpalipay.js":{"language":"JavaScript","code":158,"comment":24,"blank":12},"file:///d%3A/project/project-rjwm-weixin-uniapp/uni_modules/uni-swipe-action/components/uni-swipe-action-item/isPC.js":{"language":"JavaScript","code":12,"comment":0,"blank":0},"file:///d%3A/project/project-rjwm-weixin-uniapp/uni_modules/uni-swipe-action/components/uni-swipe-action-item/bindingx.js":{"language":"JavaScript","code":246,"comment":36,"blank":19},"file:///d%3A/project/project-rjwm-weixin-uniapp/uni_modules/uni-swiper-dot/changelog.md":{"language":"Markdown","code":12,"comment":0,"blank":1},"file:///d%3A/project/project-rjwm-weixin-uniapp/uni_modules/uni-table/components/uni-table/uni-table.vue":{"language":"Vue","code":359,"comment":62,"blank":35},"file:///d%3A/project/project-rjwm-weixin-uniapp/uni_modules/uni-segmented-control/changelog.md":{"language":"Markdown","code":9,"comment":0,"blank":1},"file:///d%3A/project/project-rjwm-weixin-uniapp/uni_modules/uni-search-bar/readme.md":{"language":"Markdown","code":6,"comment":0,"blank":9},"file:///d%3A/project/project-rjwm-weixin-uniapp/uni_modules/uni-search-bar/package.json":{"language":"JSON","code":89,"comment":0,"blank":0},"file:///d%3A/project/project-rjwm-weixin-uniapp/uni_modules/uni-search-bar/changelog.md":{"language":"Markdown","code":25,"comment":0,"blank":3},"file:///d%3A/project/project-rjwm-weixin-uniapp/uni_modules/uni-segmented-control/readme.md":{"language":"Markdown","code":6,"comment":0,"blank":8},"file:///d%3A/project/project-rjwm-weixin-uniapp/uni_modules/uni-segmented-control/package.json":{"language":"JSON","code":87,"comment":0,"blank":0},"file:///d%3A/project/project-rjwm-weixin-uniapp/uni_modules/uni-row/readme.md":{"language":"Markdown","code":6,"comment":0,"blank":4},"file:///d%3A/project/project-rjwm-weixin-uniapp/uni_modules/uni-row/package.json":{"language":"JSON","code":87,"comment":0,"blank":0},"file:///d%3A/project/project-rjwm-weixin-uniapp/uni_modules/uni-table/components/uni-thead/uni-thead.vue":{"language":"Vue","code":106,"comment":14,"blank":10},"file:///d%3A/project/project-rjwm-weixin-uniapp/uni_modules/uni-row/components/uni-row/uni-row.vue":{"language":"Vue","code":121,"comment":40,"blank":30},"file:///d%3A/project/project-rjwm-weixin-uniapp/uni_modules/uni-segmented-control/components/uni-segmented-control/uni-segmented-control.vue":{"language":"Vue","code":117,"comment":18,"blank":11},"file:///d%3A/project/project-rjwm-weixin-uniapp/uni_modules/uni-search-bar/components/uni-search-bar/uni-search-bar.vue":{"language":"Vue","code":220,"comment":56,"blank":12},"file:///d%3A/project/project-rjwm-weixin-uniapp/uni_modules/uni-row/components/uni-col/uni-col.vue":{"language":"Vue","code":245,"comment":46,"blank":27},"file:///d%3A/project/project-rjwm-weixin-uniapp/uni_modules/uni-row/changelog.md":{"language":"Markdown","code":10,"comment":0,"blank":1},"file:///d%3A/project/project-rjwm-weixin-uniapp/uni_modules/uni-search-bar/components/uni-search-bar/i18n/index.js":{"language":"JavaScript","code":8,"comment":0,"blank":1},"file:///d%3A/project/project-rjwm-weixin-uniapp/uni_modules/uni-popup/package.json":{"language":"JSON","code":90,"comment":0,"blank":1},"file:///d%3A/project/project-rjwm-weixin-uniapp/uni_modules/uni-popup/readme.md":{"language":"Markdown","code":7,"comment":0,"blank":11},"file:///d%3A/project/project-rjwm-weixin-uniapp/uni_modules/uni-rate/readme.md":{"language":"Markdown","code":7,"comment":0,"blank":5},"file:///d%3A/project/project-rjwm-weixin-uniapp/uni_modules/uni-popup/changelog.md":{"language":"Markdown","code":60,"comment":0,"blank":1},"file:///d%3A/project/project-rjwm-weixin-uniapp/uni_modules/uni-rate/package.json":{"language":"JSON","code":88,"comment":0,"blank":1},"file:///d%3A/project/project-rjwm-weixin-uniapp/uni_modules/uni-search-bar/components/uni-search-bar/i18n/zh-Hant.json":{"language":"JSON","code":4,"comment":0,"blank":1},"file:///d%3A/project/project-rjwm-weixin-uniapp/uni_modules/uni-search-bar/components/uni-search-bar/i18n/zh-Hans.json":{"language":"JSON","code":4,"comment":0,"blank":1},"file:///d%3A/project/project-rjwm-weixin-uniapp/uni_modules/uni-rate/changelog.md":{"language":"Markdown","code":23,"comment":0,"blank":3},"file:///d%3A/project/project-rjwm-weixin-uniapp/uni_modules/uni-search-bar/components/uni-search-bar/i18n/en.json":{"language":"JSON","code":4,"comment":0,"blank":0},"file:///d%3A/project/project-rjwm-weixin-uniapp/uni_modules/uni-pagination/changelog.md":{"language":"Markdown","code":19,"comment":0,"blank":2},"file:///d%3A/project/project-rjwm-weixin-uniapp/uni_modules/uni-pagination/package.json":{"language":"JSON","code":86,"comment":0,"blank":0},"file:///d%3A/project/project-rjwm-weixin-uniapp/uni_modules/uni-pagination/readme.md":{"language":"Markdown","code":6,"comment":0,"blank":8},"file:///d%3A/project/project-rjwm-weixin-uniapp/uni_modules/uni-popup/components/uni-popup-share/uni-popup-share.vue":{"language":"Vue","code":150,"comment":26,"blank":12},"file:///d%3A/project/project-rjwm-weixin-uniapp/uni_modules/uni-popup/components/uni-popup-message/uni-popup-message.vue":{"language":"Vue","code":103,"comment":27,"blank":14},"file:///d%3A/project/project-rjwm-weixin-uniapp/uni_modules/uni-rate/components/uni-rate/uni-rate.vue":{"language":"Vue","code":278,"comment":70,"blank":14},"file:///d%3A/project/project-rjwm-weixin-uniapp/uni_modules/uni-badge/readme.md":{"language":"Markdown","code":6,"comment":0,"blank":5},"file:///d%3A/project/project-rjwm-weixin-uniapp/uni_modules/uni-popup/components/uni-popup/uni-popup.vue":{"language":"Vue","code":345,"comment":118,"blank":12},"file:///d%3A/project/project-rjwm-weixin-uniapp/uni_modules/uni-popup/components/uni-popup/popup.js":{"language":"JavaScript","code":21,"comment":3,"blank":3},"file:///d%3A/project/project-rjwm-weixin-uniapp/uni_modules/uni-popup/components/uni-popup/keypress.js":{"language":"JavaScript","code":39,"comment":6,"blank":1},"file:///d%3A/project/project-rjwm-weixin-uniapp/uni_modules/uni-pagination/components/uni-pagination/uni-pagination.vue":{"language":"Vue","code":341,"comment":44,"blank":25},"file:///d%3A/project/project-rjwm-weixin-uniapp/uni_modules/uni-popup/components/uni-popup/i18n/zh-Hans.json":{"language":"JSON","code":7,"comment":0,"blank":1},"file:///d%3A/project/project-rjwm-weixin-uniapp/uni_modules/uni-popup/components/uni-popup/i18n/zh-Hant.json":{"language":"JSON","code":7,"comment":0,"blank":1},"file:///d%3A/project/project-rjwm-weixin-uniapp/uni_modules/uni-popup/components/uni-popup/i18n/index.js":{"language":"JavaScript","code":8,"comment":0,"blank":1},"file:///d%3A/project/project-rjwm-weixin-uniapp/uni_modules/uni-popup/components/uni-popup/i18n/en.json":{"language":"JSON","code":7,"comment":0,"blank":1},"file:///d%3A/project/project-rjwm-weixin-uniapp/uni_modules/uni-pagination/components/uni-pagination/i18n/zh-Hant.json":{"language":"JSON","code":4,"comment":0,"blank":1},"file:///d%3A/project/project-rjwm-weixin-uniapp/uni_modules/uni-pagination/components/uni-pagination/i18n/zh-Hans.json":{"language":"JSON","code":4,"comment":0,"blank":1},"file:///d%3A/project/project-rjwm-weixin-uniapp/uni_modules/uni-pagination/components/uni-pagination/i18n/index.js":{"language":"JavaScript","code":12,"comment":0,"blank":1},"file:///d%3A/project/project-rjwm-weixin-uniapp/uni_modules/uni-pagination/components/uni-pagination/i18n/fr.json":{"language":"JSON","code":4,"comment":0,"blank":1},"file:///d%3A/project/project-rjwm-weixin-uniapp/uni_modules/uni-pagination/components/uni-pagination/i18n/es.json":{"language":"JSON","code":4,"comment":0,"blank":1},"file:///d%3A/project/project-rjwm-weixin-uniapp/uni_modules/uni-pagination/components/uni-pagination/i18n/en.json":{"language":"JSON","code":4,"comment":0,"blank":1},"file:///d%3A/project/project-rjwm-weixin-uniapp/uni_modules/uni-badge/package.json":{"language":"JSON","code":88,"comment":0,"blank":0},"file:///d%3A/project/project-rjwm-weixin-uniapp/uni_modules/uni-number-box/readme.md":{"language":"Markdown","code":6,"comment":0,"blank":8},"file:///d%3A/project/project-rjwm-weixin-uniapp/uni_modules/uni-popup/components/uni-popup-dialog/uni-popup-dialog.vue":{"language":"Vue","code":217,"comment":35,"blank":20},"file:///d%3A/project/project-rjwm-weixin-uniapp/uni_modules/uni-number-box/package.json":{"language":"JSON","code":85,"comment":0,"blank":0},"file:///d%3A/project/project-rjwm-weixin-uniapp/uni_modules/uni-popup/components/uni-popup-dialog/keypress.js":{"language":"JavaScript","code":42,"comment":3,"blank":1},"file:///d%3A/project/project-rjwm-weixin-uniapp/uni_modules/uni-number-box/changelog.md":{"language":"Markdown","code":24,"comment":0,"blank":2},"file:///d%3A/project/project-rjwm-weixin-uniapp/uni_modules/uni-nav-bar/readme.md":{"language":"Markdown","code":6,"comment":0,"blank":10},"file:///d%3A/project/project-rjwm-weixin-uniapp/uni_modules/uni-nav-bar/package.json":{"language":"JSON","code":89,"comment":0,"blank":0},"file:///d%3A/project/project-rjwm-weixin-uniapp/uni_modules/uni-notice-bar/readme.md":{"language":"Markdown","code":6,"comment":0,"blank":8},"file:///d%3A/project/project-rjwm-weixin-uniapp/uni_modules/uni-notice-bar/package.json":{"language":"JSON","code":90,"comment":0,"blank":1},"file:///d%3A/project/project-rjwm-weixin-uniapp/uni_modules/uni-load-more/readme.md":{"language":"Markdown","code":6,"comment":0,"blank":9},"file:///d%3A/project/project-rjwm-weixin-uniapp/uni_modules/uni-load-more/package.json":{"language":"JSON","code":86,"comment":0,"blank":0},"file:///d%3A/project/project-rjwm-weixin-uniapp/uni_modules/uni-load-more/changelog.md":{"language":"Markdown","code":19,"comment":0,"blank":1},"file:///d%3A/project/project-rjwm-weixin-uniapp/uni_modules/uni-number-box/components/uni-number-box/uni-number-box.vue":{"language":"Vue","code":182,"comment":27,"blank":13},"file:///d%3A/project/project-rjwm-weixin-uniapp/uni_modules/uni-nav-bar/changelog.md":{"language":"Markdown","code":34,"comment":0,"blank":4},"file:///d%3A/project/project-rjwm-weixin-uniapp/uni_modules/uni-notice-bar/changelog.md":{"language":"Markdown","code":15,"comment":0,"blank":2},"file:///d%3A/project/project-rjwm-weixin-uniapp/uni_modules/uni-nav-bar/components/uni-nav-bar/uni-status-bar.vue":{"language":"Vue","code":23,"comment":2,"blank":3},"file:///d%3A/project/project-rjwm-weixin-uniapp/uni_modules/uni-nav-bar/components/uni-nav-bar/uni-nav-bar.vue":{"language":"Vue","code":262,"comment":58,"blank":24},"file:///d%3A/project/project-rjwm-weixin-uniapp/uni_modules/uni-notice-bar/components/uni-notice-bar/uni-notice-bar.vue":{"language":"Vue","code":304,"comment":71,"blank":21},"file:///d%3A/project/project-rjwm-weixin-uniapp/uni_modules/uni-badge/changelog.md":{"language":"Markdown","code":29,"comment":0,"blank":1},"file:///d%3A/project/project-rjwm-weixin-uniapp/uni_modules/uni-load-more/components/uni-load-more/uni-load-more.vue":{"language":"Vue","code":317,"comment":30,"blank":53},"file:///d%3A/project/project-rjwm-weixin-uniapp/uni_modules/uni-link/readme.md":{"language":"Markdown","code":6,"comment":0,"blank":5},"file:///d%3A/project/project-rjwm-weixin-uniapp/uni_modules/uni-load-more/components/uni-load-more/i18n/en.json":{"language":"JSON","code":5,"comment":0,"blank":1},"file:///d%3A/project/project-rjwm-weixin-uniapp/uni_modules/uni-list/readme.md":{"language":"Markdown","code":245,"comment":10,"blank":91},"file:///d%3A/project/project-rjwm-weixin-uniapp/uni_modules/uni-link/package.json":{"language":"JSON","code":87,"comment":0,"blank":0},"file:///d%3A/project/project-rjwm-weixin-uniapp/uni_modules/uni-list/package.json":{"language":"JSON","code":91,"comment":0,"blank":0},"file:///d%3A/project/project-rjwm-weixin-uniapp/uni_modules/uni-load-more/components/uni-load-more/i18n/index.js":{"language":"JavaScript","code":8,"comment":0,"blank":1},"file:///d%3A/project/project-rjwm-weixin-uniapp/uni_modules/uni-load-more/components/uni-load-more/i18n/zh-Hans.json":{"language":"JSON","code":5,"comment":0,"blank":1},"file:///d%3A/project/project-rjwm-weixin-uniapp/uni_modules/uni-load-more/components/uni-load-more/i18n/zh-Hant.json":{"language":"JSON","code":5,"comment":0,"blank":1},"file:///d%3A/project/project-rjwm-weixin-uniapp/uni_modules/uni-link/changelog.md":{"language":"Markdown","code":16,"comment":0,"blank":2},"file:///d%3A/project/project-rjwm-weixin-uniapp/uni_modules/uni-list/changelog.md":{"language":"Markdown","code":20,"comment":0,"blank":1},"file:///d%3A/project/project-rjwm-weixin-uniapp/uni_modules/uni-indexed-list/readme.md":{"language":"Markdown","code":6,"comment":0,"blank":6},"file:///d%3A/project/project-rjwm-weixin-uniapp/uni_modules/uni-indexed-list/package.json":{"language":"JSON","code":89,"comment":0,"blank":1},"file:///d%3A/project/project-rjwm-weixin-uniapp/uni_modules/uni-indexed-list/changelog.md":{"language":"Markdown","code":16,"comment":0,"blank":2},"file:///d%3A/project/project-rjwm-weixin-uniapp/uni_modules/uni-list/components/uni-list-item/uni-list-item.vue":{"language":"Vue","code":374,"comment":77,"blank":4},"file:///d%3A/project/project-rjwm-weixin-uniapp/uni_modules/uni-list/components/uni-list-chat/uni-list-chat.vue":{"language":"Vue","code":413,"comment":86,"blank":40},"file:///d%3A/project/project-rjwm-weixin-uniapp/uni_modules/uni-list/components/uni-list-chat/uni-list-chat.scss":{"language":"SCSS","code":25,"comment":23,"blank":11},"file:///d%3A/project/project-rjwm-weixin-uniapp/uni_modules/uni-indexed-list/components/uni-indexed-list/uni-indexed-list.vue":{"language":"Vue","code":303,"comment":48,"blank":17},"file:///d%3A/project/project-rjwm-weixin-uniapp/uni_modules/uni-indexed-list/components/uni-indexed-list/uni-indexed-list-item.vue":{"language":"Vue","code":120,"comment":14,"blank":11},"file:///d%3A/project/project-rjwm-weixin-uniapp/uni_modules/uni-list/components/uni-list-ad/uni-list-ad.vue":{"language":"Vue","code":88,"comment":10,"blank":10},"file:///d%3A/project/project-rjwm-weixin-uniapp/uni_modules/uni-link/components/uni-link/uni-link.vue":{"language":"Vue","code":102,"comment":23,"blank":4},"file:///d%3A/project/project-rjwm-weixin-uniapp/uni_modules/uni-list/components/uni-list/uni-refresh.wxs":{"language":"XML","code":73,"comment":0,"blank":15},"file:///d%3A/project/project-rjwm-weixin-uniapp/uni_modules/uni-list/components/uni-list/uni-refresh.vue":{"language":"Vue","code":59,"comment":4,"blank":3},"file:///d%3A/project/project-rjwm-weixin-uniapp/uni_modules/uni-list/components/uni-list/uni-list.vue":{"language":"Vue","code":85,"comment":17,"blank":7},"file:///d%3A/project/project-rjwm-weixin-uniapp/uni_modules/uni-icons/readme.md":{"language":"Markdown","code":6,"comment":0,"blank":3},"file:///d%3A/project/project-rjwm-weixin-uniapp/uni_modules/uni-icons/package.json":{"language":"JSON","code":86,"comment":0,"blank":0},"file:///d%3A/project/project-rjwm-weixin-uniapp/uni_modules/uni-grid/readme.md":{"language":"Markdown","code":6,"comment":0,"blank":5},"file:///d%3A/project/project-rjwm-weixin-uniapp/uni_modules/uni-grid/package.json":{"language":"JSON","code":86,"comment":0,"blank":1},"file:///d%3A/project/project-rjwm-weixin-uniapp/uni_modules/uni-group/readme.md":{"language":"Markdown","code":6,"comment":0,"blank":3},"file:///d%3A/project/project-rjwm-weixin-uniapp/uni_modules/uni-grid/changelog.md":{"language":"Markdown","code":13,"comment":0,"blank":1},"file:///d%3A/project/project-rjwm-weixin-uniapp/uni_modules/uni-group/package.json":{"language":"JSON","code":87,"comment":0,"blank":0},"file:///d%3A/project/project-rjwm-weixin-uniapp/uni_modules/uni-icons/components/uni-icons/uniicons.css":{"language":"CSS","code":498,"comment":0,"blank":166},"file:///d%3A/project/project-rjwm-weixin-uniapp/uni_modules/uni-icons/components/uni-icons/uni-icons.vue":{"language":"Vue","code":77,"comment":14,"blank":6},"file:///d%3A/project/project-rjwm-weixin-uniapp/uni_modules/uni-icons/components/uni-icons/icons.js":{"language":"JavaScript","code":1169,"comment":0,"blank":1},"file:///d%3A/project/project-rjwm-weixin-uniapp/uni_modules/uni-grid/components/uni-grid-item/uni-grid-item.vue":{"language":"Vue","code":98,"comment":23,"blank":7},"file:///d%3A/project/project-rjwm-weixin-uniapp/uni_modules/uni-group/changelog.md":{"language":"Markdown","code":14,"comment":0,"blank":1},"file:///d%3A/project/project-rjwm-weixin-uniapp/uni_modules/uni-icons/changelog.md":{"language":"Markdown","code":22,"comment":0,"blank":1},"file:///d%3A/project/project-rjwm-weixin-uniapp/uni_modules/uni-group/components/uni-group/uni-group.vue":{"language":"Vue","code":105,"comment":17,"blank":9},"file:///d%3A/project/project-rjwm-weixin-uniapp/uni_modules/uni-grid/components/uni-grid/uni-grid.vue":{"language":"Vue","code":105,"comment":32,"blank":6},"file:///d%3A/project/project-rjwm-weixin-uniapp/uni_modules/uni-forms/changelog.md":{"language":"Markdown","code":60,"comment":0,"blank":1},"file:///d%3A/project/project-rjwm-weixin-uniapp/uni_modules/uni-goods-nav/readme.md":{"language":"Markdown","code":6,"comment":0,"blank":4},"file:///d%3A/project/project-rjwm-weixin-uniapp/uni_modules/uni-forms/package.json":{"language":"JSON","code":90,"comment":0,"blank":1},"file:///d%3A/project/project-rjwm-weixin-uniapp/uni_modules/uni-forms/readme.md":{"language":"Markdown","code":12,"comment":0,"blank":11},"file:///d%3A/project/project-rjwm-weixin-uniapp/uni_modules/uni-goods-nav/package.json":{"language":"JSON","code":88,"comment":0,"blank":1},"file:///d%3A/project/project-rjwm-weixin-uniapp/uni_modules/uni-file-picker/readme.md":{"language":"Markdown","code":6,"comment":0,"blank":5},"file:///d%3A/project/project-rjwm-weixin-uniapp/uni_modules/uni-file-picker/package.json":{"language":"JSON","code":86,"comment":0,"blank":1},"file:///d%3A/project/project-rjwm-weixin-uniapp/uni_modules/uni-forms/components/uni-forms-item/uni-forms-item.vue":{"language":"Vue","code":394,"comment":85,"blank":31},"file:///d%3A/project/project-rjwm-weixin-uniapp/uni_modules/uni-goods-nav/components/uni-goods-nav/uni-goods-nav.vue":{"language":"Vue","code":176,"comment":31,"blank":18},"file:///d%3A/project/project-rjwm-weixin-uniapp/uni_modules/uni-goods-nav/components/uni-goods-nav/i18n/zh-Hant.json":{"language":"JSON","code":6,"comment":0,"blank":1},"file:///d%3A/project/project-rjwm-weixin-uniapp/uni_modules/uni-goods-nav/components/uni-goods-nav/i18n/zh-Hans.json":{"language":"JSON","code":6,"comment":0,"blank":1},"file:///d%3A/project/project-rjwm-weixin-uniapp/uni_modules/uni-forms/components/uni-forms/validate.js":{"language":"JavaScript","code":421,"comment":1,"blank":65},"file:///d%3A/project/project-rjwm-weixin-uniapp/uni_modules/uni-goods-nav/components/uni-goods-nav/i18n/index.js":{"language":"JavaScript","code":8,"comment":0,"blank":1},"file:///d%3A/project/project-rjwm-weixin-uniapp/uni_modules/uni-forms/components/uni-forms/uni-forms.vue":{"language":"Vue","code":343,"comment":106,"blank":24},"file:///d%3A/project/project-rjwm-weixin-uniapp/uni_modules/uni-file-picker/components/uni-file-picker/utils.js":{"language":"JavaScript","code":85,"comment":19,"blank":6},"file:///d%3A/project/project-rjwm-weixin-uniapp/uni_modules/uni-goods-nav/components/uni-goods-nav/i18n/en.json":{"language":"JSON","code":6,"comment":0,"blank":1},"file:///d%3A/project/project-rjwm-weixin-uniapp/uni_modules/uni-file-picker/components/uni-file-picker/upload-image.vue":{"language":"Vue","code":264,"comment":12,"blank":17},"file:///d%3A/project/project-rjwm-weixin-uniapp/uni_modules/uni-file-picker/components/uni-file-picker/upload-file.vue":{"language":"Vue","code":273,"comment":26,"blank":27},"file:///d%3A/project/project-rjwm-weixin-uniapp/uni_modules/uni-file-picker/components/uni-file-picker/uni-file-picker.vue":{"language":"Vue","code":500,"comment":124,"blank":28},"file:///d%3A/project/project-rjwm-weixin-uniapp/uni_modules/uni-file-picker/components/uni-file-picker/choose-and-upload-file.js":{"language":"JavaScript","code":209,"comment":0,"blank":16},"file:///d%3A/project/project-rjwm-weixin-uniapp/uni_modules/uni-file-picker/changelog.md":{"language":"Markdown","code":61,"comment":0,"blank":1},"file:///d%3A/project/project-rjwm-weixin-uniapp/uni_modules/uni-goods-nav/changelog.md":{"language":"Markdown","code":15,"comment":0,"blank":2},"file:///d%3A/project/project-rjwm-weixin-uniapp/uni_modules/uni-fav/readme.md":{"language":"Markdown","code":6,"comment":0,"blank":4},"file:///d%3A/project/project-rjwm-weixin-uniapp/uni_modules/uni-fav/package.json":{"language":"JSON","code":89,"comment":0,"blank":1},"file:///d%3A/project/project-rjwm-weixin-uniapp/uni_modules/uni-easyinput/readme.md":{"language":"Markdown","code":6,"comment":0,"blank":5},"file:///d%3A/project/project-rjwm-weixin-uniapp/uni_modules/uni-easyinput/package.json":{"language":"JSON","code":90,"comment":0,"blank":0},"file:///d%3A/project/project-rjwm-weixin-uniapp/uni_modules/uni-fab/readme.md":{"language":"Markdown","code":6,"comment":0,"blank":3},"file:///d%3A/project/project-rjwm-weixin-uniapp/uni_modules/uni-fab/package.json":{"language":"JSON","code":87,"comment":0,"blank":1},"file:///d%3A/project/project-rjwm-weixin-uniapp/uni_modules/uni-fab/changelog.md":{"language":"Markdown","code":17,"comment":0,"blank":1},"file:///d%3A/project/project-rjwm-weixin-uniapp/uni_modules/uni-easyinput/components/uni-easyinput/uni-easyinput.vue":{"language":"Vue","code":364,"comment":75,"blank":23},"file:///d%3A/project/project-rjwm-weixin-uniapp/uni_modules/uni-easyinput/components/uni-easyinput/common.js":{"language":"JavaScript","code":43,"comment":12,"blank":2},"file:///d%3A/project/project-rjwm-weixin-uniapp/uni_modules/uni-fav/components/uni-fav/uni-fav.vue":{"language":"Vue","code":123,"comment":24,"blank":10},"file:///d%3A/project/project-rjwm-weixin-uniapp/uni_modules/uni-easyinput/changelog.md":{"language":"Markdown","code":35,"comment":0,"blank":1},"file:///d%3A/project/project-rjwm-weixin-uniapp/uni_modules/uni-fav/changelog.md":{"language":"Markdown","code":17,"comment":0,"blank":1},"file:///d%3A/project/project-rjwm-weixin-uniapp/uni_modules/uni-fab/components/uni-fab/uni-fab.vue":{"language":"Vue","code":345,"comment":94,"blank":37},"file:///d%3A/project/project-rjwm-weixin-uniapp/uni_modules/uni-fav/components/uni-fav/i18n/zh-Hant.json":{"language":"JSON","code":4,"comment":0,"blank":1},"file:///d%3A/project/project-rjwm-weixin-uniapp/uni_modules/uni-drawer/readme.md":{"language":"Markdown","code":6,"comment":0,"blank":4},"file:///d%3A/project/project-rjwm-weixin-uniapp/uni_modules/uni-fav/components/uni-fav/i18n/zh-Hans.json":{"language":"JSON","code":4,"comment":0,"blank":1},"file:///d%3A/project/project-rjwm-weixin-uniapp/uni_modules/uni-drawer/package.json":{"language":"JSON","code":87,"comment":0,"blank":0},"file:///d%3A/project/project-rjwm-weixin-uniapp/uni_modules/uni-drawer/changelog.md":{"language":"Markdown","code":13,"comment":0,"blank":1},"file:///d%3A/project/project-rjwm-weixin-uniapp/uni_modules/uni-fav/components/uni-fav/i18n/en.json":{"language":"JSON","code":4,"comment":0,"blank":1},"file:///d%3A/project/project-rjwm-weixin-uniapp/uni_modules/uni-datetime-picker/readme.md":{"language":"Markdown","code":11,"comment":0,"blank":10},"file:///d%3A/project/project-rjwm-weixin-uniapp/uni_modules/uni-fav/components/uni-fav/i18n/index.js":{"language":"JavaScript","code":8,"comment":0,"blank":1},"file:///d%3A/project/project-rjwm-weixin-uniapp/uni_modules/uni-datetime-picker/package.json":{"language":"JSON","code":90,"comment":0,"blank":1},"file:///d%3A/project/project-rjwm-weixin-uniapp/uni_modules/uni-dateformat/package.json":{"language":"JSON","code":88,"comment":0,"blank":0},"file:///d%3A/project/project-rjwm-weixin-uniapp/uni_modules/uni-dateformat/readme.md":{"language":"Markdown","code":6,"comment":0,"blank":5},"file:///d%3A/project/project-rjwm-weixin-uniapp/uni_modules/uni-dateformat/changelog.md":{"language":"Markdown","code":10,"comment":0,"blank":1},"file:///d%3A/project/project-rjwm-weixin-uniapp/uni_modules/uni-drawer/components/uni-drawer/uni-drawer.vue":{"language":"Vue","code":124,"comment":49,"blank":11},"file:///d%3A/project/project-rjwm-weixin-uniapp/uni_modules/uni-drawer/components/uni-drawer/keypress.js":{"language":"JavaScript","code":39,"comment":6,"blank":1},"file:///d%3A/project/project-rjwm-weixin-uniapp/uni_modules/uni-datetime-picker/changelog.md":{"language":"Markdown","code":89,"comment":0,"blank":1},"file:///d%3A/project/project-rjwm-weixin-uniapp/uni_modules/uni-datetime-picker/components/uni-datetime-picker/util.js":{"language":"JavaScript","code":298,"comment":86,"blank":27},"file:///d%3A/project/project-rjwm-weixin-uniapp/uni_modules/uni-datetime-picker/components/uni-datetime-picker/uni-datetime-picker.vue":{"language":"Vue","code":865,"comment":81,"blank":52},"file:///d%3A/project/project-rjwm-weixin-uniapp/uni_modules/uni-dateformat/components/uni-dateformat/uni-dateformat.vue":{"language":"Vue","code":73,"comment":12,"blank":4},"file:///d%3A/project/project-rjwm-weixin-uniapp/uni_modules/uni-datetime-picker/components/uni-datetime-picker/time-picker.vue":{"language":"Vue","code":739,"comment":123,"blank":66},"file:///d%3A/project/project-rjwm-weixin-uniapp/uni_modules/uni-dateformat/components/uni-dateformat/date-format.js":{"language":"JavaScript","code":191,"comment":3,"blank":7},"file:///d%3A/project/project-rjwm-weixin-uniapp/uni_modules/uni-datetime-picker/components/uni-datetime-picker/keypress.js":{"language":"JavaScript","code":42,"comment":3,"blank":0},"file:///d%3A/project/project-rjwm-weixin-uniapp/uni_modules/uni-datetime-picker/components/uni-datetime-picker/calendar-item.vue":{"language":"Vue","code":156,"comment":9,"blank":21},"file:///d%3A/project/project-rjwm-weixin-uniapp/uni_modules/uni-datetime-picker/components/uni-datetime-picker/calendar.vue":{"language":"Vue","code":724,"comment":129,"blank":46},"file:///d%3A/project/project-rjwm-weixin-uniapp/uni_modules/uni-data-picker/readme.md":{"language":"Markdown","code":13,"comment":0,"blank":9},"file:///d%3A/project/project-rjwm-weixin-uniapp/uni_modules/uni-data-picker/package.json":{"language":"JSON","code":92,"comment":0,"blank":0},"file:///d%3A/project/project-rjwm-weixin-uniapp/uni_modules/uni-data-checkbox/readme.md":{"language":"Markdown","code":11,"comment":0,"blank":7},"file:///d%3A/project/project-rjwm-weixin-uniapp/uni_modules/uni-datetime-picker/components/uni-datetime-picker/i18n/zh-Hant.json":{"language":"JSON","code":19,"comment":0,"blank":1},"file:///d%3A/project/project-rjwm-weixin-uniapp/uni_modules/uni-data-checkbox/package.json":{"language":"JSON","code":87,"comment":0,"blank":1},"file:///d%3A/project/project-rjwm-weixin-uniapp/uni_modules/uni-datetime-picker/components/uni-datetime-picker/i18n/zh-Hans.json":{"language":"JSON","code":19,"comment":0,"blank":1},"file:///d%3A/project/project-rjwm-weixin-uniapp/uni_modules/uni-data-picker/components/uni-data-pickerview/uni-data-picker.js":{"language":"JavaScript","code":522,"comment":1,"blank":41},"file:///d%3A/project/project-rjwm-weixin-uniapp/uni_modules/uni-data-picker/components/uni-data-picker/uni-data-picker.vue":{"language":"Vue","code":443,"comment":60,"blank":37},"file:///d%3A/project/project-rjwm-weixin-uniapp/uni_modules/uni-data-picker/components/uni-data-pickerview/uni-data-pickerview.vue":{"language":"Vue","code":262,"comment":42,"blank":30},"file:///d%3A/project/project-rjwm-weixin-uniapp/uni_modules/uni-data-picker/components/uni-data-picker/keypress.js":{"language":"JavaScript","code":42,"comment":3,"blank":1},"file:///d%3A/project/project-rjwm-weixin-uniapp/uni_modules/uni-datetime-picker/components/uni-datetime-picker/i18n/index.js":{"language":"JavaScript","code":8,"comment":0,"blank":1},"file:///d%3A/project/project-rjwm-weixin-uniapp/uni_modules/uni-data-checkbox/changelog.md":{"language":"Markdown","code":41,"comment":0,"blank":1},"file:///d%3A/project/project-rjwm-weixin-uniapp/uni_modules/uni-datetime-picker/components/uni-datetime-picker/i18n/en.json":{"language":"JSON","code":19,"comment":0,"blank":1},"file:///d%3A/project/project-rjwm-weixin-uniapp/uni_modules/uni-data-picker/changelog.md":{"language":"Markdown","code":56,"comment":0,"blank":1},"file:///d%3A/project/project-rjwm-weixin-uniapp/uni_modules/uni-data-checkbox/components/uni-data-checkbox/uni-data-checkbox.vue":{"language":"Vue","code":661,"comment":102,"blank":55},"file:///d%3A/project/project-rjwm-weixin-uniapp/uni_modules/uni-combox/package.json":{"language":"JSON","code":90,"comment":0,"blank":0},"file:///d%3A/project/project-rjwm-weixin-uniapp/uni_modules/uni-combox/readme.md":{"language":"Markdown","code":6,"comment":0,"blank":5},"file:///d%3A/project/project-rjwm-weixin-uniapp/uni_modules/uni-countdown/readme.md":{"language":"Markdown","code":6,"comment":0,"blank":4},"file:///d%3A/project/project-rjwm-weixin-uniapp/uni_modules/uni-combox/changelog.md":{"language":"Markdown","code":15,"comment":0,"blank":1},"file:///d%3A/project/project-rjwm-weixin-uniapp/uni_modules/uni-countdown/package.json":{"language":"JSON","code":86,"comment":0,"blank":0},"file:///d%3A/project/project-rjwm-weixin-uniapp/uni_modules/uni-collapse/readme.md":{"language":"Markdown","code":7,"comment":0,"blank":5},"file:///d%3A/project/project-rjwm-weixin-uniapp/uni_modules/uni-collapse/package.json":{"language":"JSON","code":89,"comment":0,"blank":1},"file:///d%3A/project/project-rjwm-weixin-uniapp/uni_modules/uni-combox/components/uni-combox/uni-combox.vue":{"language":"Vue","code":225,"comment":35,"blank":16},"file:///d%3A/project/project-rjwm-weixin-uniapp/uni_modules/uni-countdown/components/uni-countdown/uni-countdown.vue":{"language":"Vue","code":246,"comment":21,"blank":5},"file:///d%3A/project/project-rjwm-weixin-uniapp/uni_modules/uni-collapse/components/uni-collapse-item/uni-collapse-item.vue":{"language":"Vue","code":305,"comment":71,"blank":27},"file:///d%3A/project/project-rjwm-weixin-uniapp/uni_modules/uni-collapse/components/uni-collapse/uni-collapse.vue":{"language":"Vue","code":127,"comment":18,"blank":3},"file:///d%3A/project/project-rjwm-weixin-uniapp/uni_modules/uni-countdown/changelog.md":{"language":"Markdown","code":24,"comment":0,"blank":1},"file:///d%3A/project/project-rjwm-weixin-uniapp/uni_modules/uni-collapse/changelog.md":{"language":"Markdown","code":36,"comment":0,"blank":0},"file:///d%3A/project/project-rjwm-weixin-uniapp/uni_modules/uni-countdown/components/uni-countdown/i18n/zh-Hant.json":{"language":"JSON","code":6,"comment":0,"blank":1},"file:///d%3A/project/project-rjwm-weixin-uniapp/uni_modules/uni-countdown/components/uni-countdown/i18n/zh-Hans.json":{"language":"JSON","code":6,"comment":0,"blank":1},"file:///d%3A/project/project-rjwm-weixin-uniapp/uni_modules/uni-countdown/components/uni-countdown/i18n/index.js":{"language":"JavaScript","code":8,"comment":0,"blank":1},"file:///d%3A/project/project-rjwm-weixin-uniapp/uni_modules/uni-countdown/components/uni-countdown/i18n/en.json":{"language":"JSON","code":6,"comment":0,"blank":1},"file:///d%3A/project/project-rjwm-weixin-uniapp/uni_modules/uni-calendar/package.json":{"language":"JSON","code":88,"comment":0,"blank":0},"file:///d%3A/project/project-rjwm-weixin-uniapp/uni_modules/uni-calendar/readme.md":{"language":"Markdown","code":73,"comment":0,"blank":30},"file:///d%3A/project/project-rjwm-weixin-uniapp/uni_modules/uni-calendar/changelog.md":{"language":"Markdown","code":16,"comment":0,"blank":1},"file:///d%3A/project/project-rjwm-weixin-uniapp/uni_modules/uni-card/readme.md":{"language":"Markdown","code":6,"comment":0,"blank":7},"file:///d%3A/project/project-rjwm-weixin-uniapp/uni_modules/uni-card/package.json":{"language":"JSON","code":90,"comment":0,"blank":1},"file:///d%3A/project/project-rjwm-weixin-uniapp/uni_modules/uni-card/components/uni-card/uni-card.vue":{"language":"Vue","code":214,"comment":37,"blank":20},"file:///d%3A/project/project-rjwm-weixin-uniapp/uni_modules/uni-calendar/components/uni-calendar/util.js":{"language":"JavaScript","code":251,"comment":81,"blank":23},"file:///d%3A/project/project-rjwm-weixin-uniapp/uni_modules/uni-calendar/components/uni-calendar/uni-calendar.vue":{"language":"Vue","code":430,"comment":97,"blank":28},"file:///d%3A/project/project-rjwm-weixin-uniapp/uni_modules/uni-calendar/components/uni-calendar/uni-calendar-item.vue":{"language":"Vue","code":164,"comment":4,"blank":14},"file:///d%3A/project/project-rjwm-weixin-uniapp/unpackage/dist/dev/app-plus/__uniappchooselocation.js":{"language":"JavaScript","code":1,"comment":0,"blank":0},"file:///d%3A/project/project-rjwm-weixin-uniapp/unpackage/dist/dev/app-plus/__uniappes6.js":{"language":"JavaScript","code":1,"comment":0,"blank":0},"file:///d%3A/project/project-rjwm-weixin-uniapp/unpackage/dist/dev/app-plus/__uniappview.html":{"language":"HTML","code":22,"comment":0,"blank":4},"file:///d%3A/project/project-rjwm-weixin-uniapp/unpackage/dist/dev/mp-weixin/components/uni-status-bar/uni-status-bar.json":{"language":"JSON","code":4,"comment":0,"blank":0},"file:///d%3A/project/project-rjwm-weixin-uniapp/unpackage/dist/dev/mp-weixin/uni_modules/uni-transition/components/uni-transition/uni-transition.json":{"language":"JSON","code":4,"comment":0,"blank":0},"file:///d%3A/project/project-rjwm-weixin-uniapp/unpackage/dist/dev/mp-weixin/components/uni-status-bar/uni-status-bar.js":{"language":"JavaScript","code":99,"comment":36,"blank":41},"file:///d%3A/project/project-rjwm-weixin-uniapp/unpackage/dist/dev/mp-weixin/uni_modules/uni-transition/components/uni-transition/uni-transition.js":{"language":"JavaScript","code":284,"comment":62,"blank":55},"file:///d%3A/project/project-rjwm-weixin-uniapp/unpackage/dist/dev/mp-weixin/uni_modules/uni-popup/components/uni-popup/uni-popup.json":{"language":"JSON","code":6,"comment":0,"blank":0},"file:///d%3A/project/project-rjwm-weixin-uniapp/unpackage/dist/dev/mp-weixin/uni_modules/uni-popup/components/uni-popup/uni-popup.js":{"language":"JavaScript","code":371,"comment":113,"blank":119},"file:///d%3A/project/project-rjwm-weixin-uniapp/unpackage/dist/dev/mp-weixin/uni_modules/uni-list/components/uni-list-item/uni-list-item.json":{"language":"JSON","code":7,"comment":0,"blank":0},"file:///d%3A/project/project-rjwm-weixin-uniapp/unpackage/dist/dev/mp-weixin/uni_modules/uni-list/components/uni-list-item/uni-list-item.js":{"language":"JavaScript","code":264,"comment":114,"blank":69},"file:///d%3A/project/project-rjwm-weixin-uniapp/unpackage/dist/dev/mp-weixin/uni_modules/uni-list/components/uni-list/uni-list.json":{"language":"JSON","code":4,"comment":0,"blank":0},"file:///d%3A/project/project-rjwm-weixin-uniapp/unpackage/dist/dev/mp-weixin/uni_modules/uni-list/components/uni-list/uni-list.js":{"language":"JavaScript","code":114,"comment":53,"blank":46},"file:///d%3A/project/project-rjwm-weixin-uniapp/unpackage/dist/dev/mp-weixin/uni_modules/uni-easyinput/components/uni-easyinput/uni-easyinput.json":{"language":"JSON","code":6,"comment":0,"blank":0},"file:///d%3A/project/project-rjwm-weixin-uniapp/unpackage/dist/dev/mp-weixin/uni_modules/uni-easyinput/components/uni-easyinput/uni-easyinput.js":{"language":"JavaScript","code":312,"comment":120,"blank":65},"file:///d%3A/project/project-rjwm-weixin-uniapp/unpackage/dist/dev/mp-weixin/uni_modules/uni-badge/components/uni-badge/uni-badge.json":{"language":"JSON","code":4,"comment":0,"blank":0},"file:///d%3A/project/project-rjwm-weixin-uniapp/unpackage/dist/dev/mp-weixin/uni_modules/uni-badge/components/uni-badge/uni-badge.js":{"language":"JavaScript","code":206,"comment":61,"blank":67},"file:///d%3A/project/project-rjwm-weixin-uniapp/unpackage/dist/dev/mp-weixin/components/uni-phone/index.json":{"language":"JSON","code":6,"comment":0,"blank":0},"file:///d%3A/project/project-rjwm-weixin-uniapp/unpackage/dist/dev/mp-weixin/components/uni-piker/index.json":{"language":"JSON","code":4,"comment":0,"blank":0},"file:///d%3A/project/project-rjwm-weixin-uniapp/unpackage/dist/dev/mp-weixin/components/uni-phone/index.js":{"language":"JavaScript","code":109,"comment":35,"blank":46},"file:///d%3A/project/project-rjwm-weixin-uniapp/unpackage/dist/dev/mp-weixin/components/uni-nav-bar/uni-nav-bar.json":{"language":"JSON","code":7,"comment":0,"blank":0},"file:///d%3A/project/project-rjwm-weixin-uniapp/unpackage/dist/dev/mp-weixin/components/uni-piker/index.js":{"language":"JavaScript","code":136,"comment":68,"blank":47},"file:///d%3A/project/project-rjwm-weixin-uniapp/unpackage/dist/dev/mp-weixin/components/reach-bottom/reach-bottom.json":{"language":"JSON","code":4,"comment":0,"blank":0},"file:///d%3A/project/project-rjwm-weixin-uniapp/unpackage/dist/dev/mp-weixin/components/uni-nav-bar/uni-nav-bar.js":{"language":"JavaScript","code":169,"comment":31,"blank":97},"file:///d%3A/project/project-rjwm-weixin-uniapp/unpackage/dist/dev/mp-weixin/components/uni-icons/uni-icons.json":{"language":"JSON","code":4,"comment":0,"blank":0},"file:///d%3A/project/project-rjwm-weixin-uniapp/unpackage/dist/dev/mp-weixin/components/reach-bottom/reach-bottom.js":{"language":"JavaScript","code":100,"comment":38,"blank":41},"file:///d%3A/project/project-rjwm-weixin-uniapp/unpackage/dist/dev/mp-weixin/sitemap.json":{"language":"JSON","code":7,"comment":0,"blank":0},"file:///d%3A/project/project-rjwm-weixin-uniapp/unpackage/dist/dev/mp-weixin/components/uni-icons/uni-icons.js":{"language":"JavaScript","code":113,"comment":34,"blank":51},"file:///d%3A/project/project-rjwm-weixin-uniapp/unpackage/dist/dev/mp-weixin/components/empty/empty.js":{"language":"JavaScript","code":110,"comment":37,"blank":43},"file:///d%3A/project/project-rjwm-weixin-uniapp/unpackage/dist/dev/app-plus/__uniappscan.js":{"language":"JavaScript","code":1,"comment":0,"blank":0},"file:///d%3A/project/project-rjwm-weixin-uniapp/unpackage/dist/dev/mp-weixin/project.private.config.json":{"language":"JSON","code":7,"comment":0,"blank":0},"file:///d%3A/project/project-rjwm-weixin-uniapp/unpackage/dist/dev/mp-weixin/project.config.json":{"language":"JSON","code":47,"comment":0,"blank":0},"file:///d%3A/project/project-rjwm-weixin-uniapp/unpackage/dist/dev/app-plus/__uniappquillimageresize.js":{"language":"JavaScript","code":1,"comment":0,"blank":0},"file:///d%3A/project/project-rjwm-weixin-uniapp/unpackage/dist/dev/mp-weixin/components/empty/empty.json":{"language":"JSON","code":4,"comment":0,"blank":0},"file:///d%3A/project/project-rjwm-weixin-uniapp/unpackage/dist/dev/app-plus/__uniapppicker.js":{"language":"JavaScript","code":1,"comment":0,"blank":0},"file:///d%3A/project/project-rjwm-weixin-uniapp/unpackage/dist/dev/app-plus/__uniappopenlocation.js":{"language":"JavaScript","code":1,"comment":0,"blank":0},"file:///d%3A/project/project-rjwm-weixin-uniapp/unpackage/dist/dev/mp-weixin/pages/details/index.json":{"language":"JSON","code":11,"comment":0,"blank":0},"file:///d%3A/project/project-rjwm-weixin-uniapp/unpackage/dist/dev/mp-weixin/pages/details/index.js":{"language":"JavaScript","code":114,"comment":18,"blank":35},"file:///d%3A/project/project-rjwm-weixin-uniapp/unpackage/dist/dev/mp-weixin/pages/remark/index.json":{"language":"JSON","code":9,"comment":0,"blank":0},"file:///d%3A/project/project-rjwm-weixin-uniapp/unpackage/dist/dev/mp-weixin/pages/remark/index.js":{"language":"JavaScript","code":156,"comment":43,"blank":73},"file:///d%3A/project/project-rjwm-weixin-uniapp/unpackage/dist/dev/app-plus/__uniappquill.js":{"language":"JavaScript","code":1,"comment":7,"blank":0},"file:///d%3A/project/project-rjwm-weixin-uniapp/unpackage/dist/dev/mp-weixin/pages/success/index.js":{"language":"JavaScript","code":121,"comment":41,"blank":85},"file:///d%3A/project/project-rjwm-weixin-uniapp/unpackage/dist/dev/mp-weixin/pages/success/index.json":{"language":"JSON","code":6,"comment":0,"blank":0},"file:///d%3A/project/project-rjwm-weixin-uniapp/unpackage/dist/dev/mp-weixin/common/runtime.js":{"language":"JavaScript","code":232,"comment":39,"blank":2},"file:///d%3A/project/project-rjwm-weixin-uniapp/unpackage/dist/dev/mp-weixin/pages/pay/index.json":{"language":"JSON","code":6,"comment":0,"blank":0},"file:///d%3A/project/project-rjwm-weixin-uniapp/unpackage/dist/dev/mp-weixin/pages/pay/index.js":{"language":"JavaScript","code":163,"comment":30,"blank":89},"file:///d%3A/project/project-rjwm-weixin-uniapp/unpackage/dist/dev/mp-weixin/common/main.js":{"language":"JavaScript","code":81,"comment":33,"blank":24},"file:///d%3A/project/project-rjwm-weixin-uniapp/unpackage/dist/dev/mp-weixin/pages/nonet/index.json":{"language":"JSON","code":4,"comment":0,"blank":0},"file:///d%3A/project/project-rjwm-weixin-uniapp/unpackage/dist/dev/app-plus/view.umd.min.js":{"language":"JavaScript","code":2,"comment":4,"blank":0},"file:///d%3A/project/project-rjwm-weixin-uniapp/unpackage/dist/dev/mp-weixin/pages/order/index.json":{"language":"JSON","code":14,"comment":0,"blank":0},"file:///d%3A/project/project-rjwm-weixin-uniapp/unpackage/dist/dev/mp-weixin/pages/nonet/index.js":{"language":"JavaScript","code":104,"comment":35,"blank":66},"file:///d%3A/project/project-rjwm-weixin-uniapp/unpackage/dist/dev/mp-weixin/pages/my/my.json":{"language":"JSON","code":10,"comment":0,"blank":0},"file:///d%3A/project/project-rjwm-weixin-uniapp/unpackage/dist/dev/mp-weixin/pages/order/index.js":{"language":"JavaScript","code":136,"comment":27,"blank":43},"file:///d%3A/project/project-rjwm-weixin-uniapp/unpackage/dist/dev/mp-weixin/pages/historyOrder/historyOrder.json":{"language":"JSON","code":11,"comment":0,"blank":0},"file:///d%3A/project/project-rjwm-weixin-uniapp/unpackage/dist/dev/mp-weixin/pages/my/my.js":{"language":"JavaScript","code":264,"comment":43,"blank":159},"file:///d%3A/project/project-rjwm-weixin-uniapp/unpackage/dist/dev/mp-weixin/pages/historyOrder/historyOrder.js":{"language":"JavaScript","code":309,"comment":48,"blank":131},"file:///d%3A/project/project-rjwm-weixin-uniapp/unpackage/dist/dev/mp-weixin/pages/index/index.json":{"language":"JSON","code":8,"comment":0,"blank":0},"file:///d%3A/project/project-rjwm-weixin-uniapp/unpackage/dist/dev/mp-weixin/pages/index/index.js":{"language":"JavaScript","code":139,"comment":27,"blank":50},"file:///d%3A/project/project-rjwm-weixin-uniapp/unpackage/dist/dev/mp-weixin/pages/addOrEditAddress/addOrEditAddress.json":{"language":"JSON","code":11,"comment":0,"blank":0},"file:///d%3A/project/project-rjwm-weixin-uniapp/unpackage/dist/dev/mp-weixin/pages/common/simple-address/simple-address.js":{"language":"JavaScript","code":200,"comment":87,"blank":96},"file:///d%3A/project/project-rjwm-weixin-uniapp/unpackage/dist/dev/mp-weixin/pages/addOrEditAddress/addOrEditAddress.js":{"language":"JavaScript","code":345,"comment":51,"blank":232},"file:///d%3A/project/project-rjwm-weixin-uniapp/unpackage/dist/dev/mp-weixin/pages/address/address.json":{"language":"JSON","code":10,"comment":0,"blank":0},"file:///d%3A/project/project-rjwm-weixin-uniapp/unpackage/dist/dev/mp-weixin/pages/common/simple-address/simple-address.json":{"language":"JSON","code":4,"comment":0,"blank":0},"file:///d%3A/project/project-rjwm-weixin-uniapp/unpackage/dist/dev/mp-weixin/pages/common/Navbar/navbar.json":{"language":"JSON","code":4,"comment":0,"blank":0},"file:///d%3A/project/project-rjwm-weixin-uniapp/unpackage/dist/dev/app-plus/view.css":{"language":"CSS","code":1,"comment":0,"blank":0},"file:///d%3A/project/project-rjwm-weixin-uniapp/unpackage/dist/dev/mp-weixin/pages/address/address.js":{"language":"JavaScript","code":318,"comment":81,"blank":152},"file:///d%3A/project/project-rjwm-weixin-uniapp/uni_modules/uni-badge/components/uni-badge/uni-badge.vue":{"language":"Vue","code":213,"comment":33,"blank":23},"file:///d%3A/project/project-rjwm-weixin-uniapp/unpackage/dist/dev/mp-weixin/pages/common/Navbar/navbar.js":{"language":"JavaScript","code":91,"comment":45,"blank":34},"file:///d%3A/project/project-rjwm-weixin-uniapp/uni_modules/uni-calendar/components/uni-calendar/i18n/zh-Hant.json":{"language":"JSON","code":12,"comment":0,"blank":1},"file:///d%3A/project/project-rjwm-weixin-uniapp/unpackage/dist/dev/mp-weixin/app.json":{"language":"JSON","code":24,"comment":0,"blank":0},"file:///d%3A/project/project-rjwm-weixin-uniapp/uni_modules/uni-calendar/components/uni-calendar/i18n/zh-Hans.json":{"language":"JSON","code":12,"comment":0,"blank":1},"file:///d%3A/project/project-rjwm-weixin-uniapp/unpackage/dist/dev/mp-weixin/app.js":{"language":"JavaScript","code":3,"comment":0,"blank":1},"file:///d%3A/project/project-rjwm-weixin-uniapp/uni_modules/uni-calendar/components/uni-calendar/i18n/index.js":{"language":"JavaScript","code":8,"comment":0,"blank":1},"file:///d%3A/project/project-rjwm-weixin-uniapp/uni_modules/uni-calendar/components/uni-calendar/i18n/en.json":{"language":"JSON","code":12,"comment":0,"blank":1},"file:///d%3A/project/project-rjwm-weixin-uniapp/unpackage/dist/dev/app-plus/manifest.json":{"language":"JSON","code":1,"comment":0,"blank":0},"file:///d%3A/project/project-rjwm-weixin-uniapp/unpackage/dist/dev/app-plus/app-config.js":{"language":"JavaScript","code":128,"comment":26,"blank":0},"file:///d%3A/project/project-rjwm-weixin-uniapp/unpackage/dist/dev/app-plus/app-config-service.js":{"language":"JavaScript","code":7,"comment":0,"blank":2},"file:///d%3A/project/project-rjwm-weixin-uniapp/uni_modules/uni-calendar/components/uni-calendar/calendar.js":{"language":"JavaScript","code":324,"comment":184,"blank":39},"file:///d%3A/project/project-rjwm-weixin-uniapp/unpackage/dist/dev/mp-weixin/node-modules/%40dcloudio/uni-ui/lib/uni-list-item/uni-list-item.json":{"language":"JSON","code":7,"comment":0,"blank":0},"file:///d%3A/project/project-rjwm-weixin-uniapp/unpackage/dist/dev/mp-weixin/components/uni-popup/index.json":{"language":"JSON","code":4,"comment":0,"blank":0},"file:///d%3A/project/project-rjwm-weixin-uniapp/unpackage/dist/dev/mp-weixin/components/uni-popup/index.js":{"language":"JavaScript","code":96,"comment":37,"blank":41},"file:///d%3A/project/project-rjwm-weixin-uniapp/unpackage/dist/dev/mp-weixin/node-modules/%40dcloudio/uni-ui/lib/uni-list-item/uni-list-item.js":{"language":"JavaScript","code":264,"comment":114,"blank":69},"file:///d%3A/project/project-rjwm-weixin-uniapp/unpackage/dist/dev/mp-weixin/node-modules/%40dcloudio/uni-ui/lib/uni-easyinput/uni-easyinput.json":{"language":"JSON","code":6,"comment":0,"blank":0},"file:///d%3A/project/project-rjwm-weixin-uniapp/unpackage/dist/dev/mp-weixin/node-modules/%40dcloudio/uni-ui/lib/uni-easyinput/uni-easyinput.js":{"language":"JavaScript","code":312,"comment":120,"blank":65},"file:///d%3A/project/project-rjwm-weixin-uniapp/unpackage/dist/dev/.automator/mp-weixin/.automator.json":{"language":"JSON","code":0,"comment":0,"blank":1},"file:///d%3A/project/project-rjwm-weixin-uniapp/unpackage/dist/dev/.automator/app-plus/.automator.json":{"language":"JSON","code":0,"comment":0,"blank":1},"file:///d%3A/project/project-rjwm-weixin-uniapp/uni_modules/uni-card/changelog.md":{"language":"Markdown","code":26,"comment":0,"blank":1},"file:///d%3A/project/project-rjwm-weixin-uniapp/uni.scss":{"language":"SCSS","code":37,"comment":25,"blank":14},"file:///d%3A/project/project-rjwm-weixin-uniapp/store/index.js":{"language":"JavaScript","code":73,"comment":2,"blank":6},"file:///d%3A/project/project-rjwm-weixin-uniapp/unpackage/dist/build/h5/static/js/pages-order-success.efa9a216.js":{"language":"JavaScript","code":1,"comment":0,"blank":0},"file:///d%3A/project/project-rjwm-weixin-uniapp/unpackage/dist/build/h5/static/js/pages-order-index.239216c6.js":{"language":"JavaScript","code":1,"comment":0,"blank":0},"file:///d%3A/project/project-rjwm-weixin-uniapp/unpackage/dist/build/h5/static/js/pages-nonet-index.c7caf6d9.js":{"language":"JavaScript","code":1,"comment":0,"blank":0},"file:///d%3A/project/project-rjwm-weixin-uniapp/unpackage/dist/build/h5/static/js/pages-index-index~pages-order-index.ca00f0ab.js":{"language":"JavaScript","code":1,"comment":0,"blank":0},"file:///d%3A/project/project-rjwm-weixin-uniapp/unpackage/dist/build/h5/static/js/index.3ed8bc6f.js":{"language":"JavaScript","code":1,"comment":0,"blank":0},"file:///d%3A/project/project-rjwm-weixin-uniapp/unpackage/dist/build/h5/static/js/pages-index-index.cb90daf7.js":{"language":"JavaScript","code":1,"comment":0,"blank":0},"file:///d%3A/project/project-rjwm-weixin-uniapp/unpackage/dist/build/mp-weixin/uni_modules/uni-transition/components/uni-transition/uni-transition.json":{"language":"JSON","code":4,"comment":0,"blank":0},"file:///d%3A/project/project-rjwm-weixin-uniapp/unpackage/dist/build/.automator/mp-weixin/.automator.json":{"language":"JSON","code":0,"comment":0,"blank":1},"file:///d%3A/project/project-rjwm-weixin-uniapp/unpackage/dist/build/mp-weixin/uni_modules/uni-transition/components/uni-transition/uni-transition.js":{"language":"JavaScript","code":10,"comment":0,"blank":1},"file:///d%3A/project/project-rjwm-weixin-uniapp/unpackage/dist/build/mp-weixin/uni_modules/uni-popup/components/uni-popup/uni-popup.json":{"language":"JSON","code":6,"comment":0,"blank":0},"file:///d%3A/project/project-rjwm-weixin-uniapp/unpackage/dist/build/mp-weixin/uni_modules/uni-popup/components/uni-popup/uni-popup.js":{"language":"JavaScript","code":10,"comment":0,"blank":1},"file:///d%3A/project/project-rjwm-weixin-uniapp/unpackage/dist/build/mp-weixin/uni_modules/uni-easyinput/components/uni-easyinput/uni-easyinput.json":{"language":"JSON","code":6,"comment":0,"blank":0},"file:///d%3A/project/project-rjwm-weixin-uniapp/unpackage/dist/build/mp-weixin/uni_modules/uni-easyinput/components/uni-easyinput/uni-easyinput.js":{"language":"JavaScript","code":10,"comment":0,"blank":1},"file:///d%3A/project/project-rjwm-weixin-uniapp/unpackage/dist/build/mp-weixin/uni_modules/uni-list/components/uni-list-item/uni-list-item.json":{"language":"JSON","code":7,"comment":0,"blank":0},"file:///d%3A/project/project-rjwm-weixin-uniapp/unpackage/dist/build/mp-weixin/uni_modules/uni-list/components/uni-list-item/uni-list-item.js":{"language":"JavaScript","code":10,"comment":0,"blank":1},"file:///d%3A/project/project-rjwm-weixin-uniapp/unpackage/dist/build/mp-weixin/uni_modules/uni-list/components/uni-list/uni-list.json":{"language":"JSON","code":4,"comment":0,"blank":0},"file:///d%3A/project/project-rjwm-weixin-uniapp/unpackage/dist/build/mp-weixin/uni_modules/uni-list/components/uni-list/uni-list.js":{"language":"JavaScript","code":10,"comment":0,"blank":1},"file:///d%3A/project/project-rjwm-weixin-uniapp/unpackage/dist/build/mp-weixin/uni_modules/uni-badge/components/uni-badge/uni-badge.json":{"language":"JSON","code":4,"comment":0,"blank":0},"file:///d%3A/project/project-rjwm-weixin-uniapp/unpackage/dist/build/mp-weixin/uni_modules/uni-badge/components/uni-badge/uni-badge.js":{"language":"JavaScript","code":10,"comment":0,"blank":1},"file:///d%3A/project/project-rjwm-weixin-uniapp/unpackage/dist/build/.automator/h5/.automator.json":{"language":"JSON","code":0,"comment":0,"blank":1},"file:///d%3A/project/project-rjwm-weixin-uniapp/unpackage/dist/build/mp-weixin/sitemap.json":{"language":"JSON","code":7,"comment":0,"blank":0},"file:///d%3A/project/project-rjwm-weixin-uniapp/unpackage/dist/build/mp-weixin/project.config.json":{"language":"JSON","code":46,"comment":0,"blank":0},"file:///d%3A/project/project-rjwm-weixin-uniapp/unpackage/dist/build/h5/static/index.9ffdaeb8.css":{"language":"CSS","code":1,"comment":0,"blank":0},"file:///d%3A/project/project-rjwm-weixin-uniapp/unpackage/dist/build/mp-weixin/pages/success/index.json":{"language":"JSON","code":6,"comment":0,"blank":0},"file:///d%3A/project/project-rjwm-weixin-uniapp/unpackage/dist/build/mp-weixin/pages/remark/index.json":{"language":"JSON","code":9,"comment":0,"blank":0},"file:///d%3A/project/project-rjwm-weixin-uniapp/unpackage/dist/build/mp-weixin/pages/remark/index.js":{"language":"JavaScript","code":1,"comment":0,"blank":0},"file:///d%3A/project/project-rjwm-weixin-uniapp/unpackage/dist/build/mp-weixin/pages/success/index.js":{"language":"JavaScript","code":1,"comment":0,"blank":0},"file:///d%3A/project/project-rjwm-weixin-uniapp/unpackage/dist/build/mp-weixin/pages/pay/index.json":{"language":"JSON","code":6,"comment":0,"blank":0},"file:///d%3A/project/project-rjwm-weixin-uniapp/unpackage/dist/build/mp-weixin/pages/order/index.json":{"language":"JSON","code":12,"comment":0,"blank":0},"file:///d%3A/project/project-rjwm-weixin-uniapp/unpackage/dist/build/mp-weixin/pages/order/index.js":{"language":"JavaScript","code":1,"comment":0,"blank":0},"file:///d%3A/project/project-rjwm-weixin-uniapp/unpackage/dist/build/mp-weixin/pages/pay/index.js":{"language":"JavaScript","code":1,"comment":0,"blank":0},"file:///d%3A/project/project-rjwm-weixin-uniapp/unpackage/dist/build/mp-weixin/pages/my/my.js":{"language":"JavaScript","code":1,"comment":0,"blank":0},"file:///d%3A/project/project-rjwm-weixin-uniapp/unpackage/dist/build/mp-weixin/pages/nonet/index.json":{"language":"JSON","code":4,"comment":0,"blank":0},"file:///d%3A/project/project-rjwm-weixin-uniapp/unpackage/dist/build/mp-weixin/pages/my/my.json":{"language":"JSON","code":9,"comment":0,"blank":0},"file:///d%3A/project/project-rjwm-weixin-uniapp/unpackage/dist/build/mp-weixin/pages/nonet/index.js":{"language":"JavaScript","code":1,"comment":0,"blank":0},"file:///d%3A/project/project-rjwm-weixin-uniapp/unpackage/dist/build/mp-weixin/pages/index/index.json":{"language":"JSON","code":8,"comment":0,"blank":0},"file:///d%3A/project/project-rjwm-weixin-uniapp/unpackage/dist/build/mp-weixin/pages/index/index.js":{"language":"JavaScript","code":1,"comment":0,"blank":0},"file:///d%3A/project/project-rjwm-weixin-uniapp/unpackage/dist/build/mp-weixin/pages/details/index.json":{"language":"JSON","code":9,"comment":0,"blank":0},"file:///d%3A/project/project-rjwm-weixin-uniapp/unpackage/dist/build/mp-weixin/pages/details/index.js":{"language":"JavaScript","code":1,"comment":0,"blank":0},"file:///d%3A/project/project-rjwm-weixin-uniapp/unpackage/dist/build/mp-weixin/pages/historyOrder/historyOrder.json":{"language":"JSON","code":10,"comment":0,"blank":0},"file:///d%3A/project/project-rjwm-weixin-uniapp/unpackage/dist/build/mp-weixin/pages/historyOrder/historyOrder.js":{"language":"JavaScript","code":1,"comment":0,"blank":0},"file:///d%3A/project/project-rjwm-weixin-uniapp/unpackage/dist/build/mp-weixin/pages/address/address.json":{"language":"JSON","code":10,"comment":0,"blank":0},"file:///d%3A/project/project-rjwm-weixin-uniapp/unpackage/dist/build/mp-weixin/pages/address/address.js":{"language":"JavaScript","code":1,"comment":0,"blank":0},"file:///d%3A/project/project-rjwm-weixin-uniapp/unpackage/dist/build/mp-weixin/pages/common/Navbar/navbar.json":{"language":"JSON","code":4,"comment":0,"blank":0},"file:///d%3A/project/project-rjwm-weixin-uniapp/unpackage/dist/build/mp-weixin/pages/common/Navbar/navbar.js":{"language":"JavaScript","code":10,"comment":0,"blank":1},"file:///d%3A/project/project-rjwm-weixin-uniapp/unpackage/dist/build/mp-weixin/pages/common/simple-address/simple-address.json":{"language":"JSON","code":4,"comment":0,"blank":0},"file:///d%3A/project/project-rjwm-weixin-uniapp/unpackage/dist/build/mp-weixin/pages/common/simple-address/simple-address.js":{"language":"JavaScript","code":10,"comment":0,"blank":1},"file:///d%3A/project/project-rjwm-weixin-uniapp/unpackage/dist/build/mp-weixin/pages/addOrEditAddress/addOrEditAddress.json":{"language":"JSON","code":11,"comment":0,"blank":0},"file:///d%3A/project/project-rjwm-weixin-uniapp/unpackage/dist/build/mp-weixin/pages/addOrEditAddress/addOrEditAddress.js":{"language":"JavaScript","code":1,"comment":0,"blank":0},"file:///d%3A/project/project-rjwm-weixin-uniapp/unpackage/dist/build/mp-weixin/components/uni-status-bar/uni-status-bar.json":{"language":"JSON","code":4,"comment":0,"blank":0},"file:///d%3A/project/project-rjwm-weixin-uniapp/unpackage/dist/build/mp-weixin/components/uni-status-bar/uni-status-bar.js":{"language":"JavaScript","code":10,"comment":0,"blank":1},"file:///d%3A/project/project-rjwm-weixin-uniapp/unpackage/dist/build/mp-weixin/components/uni-popup/index.json":{"language":"JSON","code":4,"comment":0,"blank":0},"file:///d%3A/project/project-rjwm-weixin-uniapp/unpackage/dist/build/mp-weixin/components/uni-popup/index.js":{"language":"JavaScript","code":10,"comment":0,"blank":1},"file:///d%3A/project/project-rjwm-weixin-uniapp/unpackage/dist/build/mp-weixin/node-modules/%40dcloudio/uni-ui/lib/uni-easyinput/uni-easyinput.js":{"language":"JavaScript","code":10,"comment":0,"blank":1},"file:///d%3A/project/project-rjwm-weixin-uniapp/unpackage/dist/build/mp-weixin/node-modules/%40dcloudio/uni-ui/lib/uni-easyinput/uni-easyinput.json":{"language":"JSON","code":6,"comment":0,"blank":0},"file:///d%3A/project/project-rjwm-weixin-uniapp/unpackage/dist/build/mp-weixin/node-modules/%40dcloudio/uni-ui/lib/uni-list-item/uni-list-item.json":{"language":"JSON","code":7,"comment":0,"blank":0},"file:///d%3A/project/project-rjwm-weixin-uniapp/unpackage/dist/build/mp-weixin/node-modules/%40dcloudio/uni-ui/lib/uni-list-item/uni-list-item.js":{"language":"JavaScript","code":10,"comment":0,"blank":1},"file:///d%3A/project/project-rjwm-weixin-uniapp/unpackage/dist/build/mp-weixin/components/uni-phone/index.json":{"language":"JSON","code":6,"comment":0,"blank":0},"file:///d%3A/project/project-rjwm-weixin-uniapp/unpackage/dist/build/mp-weixin/components/uni-piker/index.json":{"language":"JSON","code":4,"comment":0,"blank":0},"file:///d%3A/project/project-rjwm-weixin-uniapp/unpackage/dist/build/mp-weixin/components/uni-phone/index.js":{"language":"JavaScript","code":10,"comment":0,"blank":1},"file:///d%3A/project/project-rjwm-weixin-uniapp/unpackage/dist/build/mp-weixin/components/uni-icons/uni-icons.json":{"language":"JSON","code":4,"comment":0,"blank":0},"file:///d%3A/project/project-rjwm-weixin-uniapp/unpackage/dist/build/mp-weixin/components/uni-piker/index.js":{"language":"JavaScript","code":10,"comment":0,"blank":1},"file:///d%3A/project/project-rjwm-weixin-uniapp/unpackage/dist/build/mp-weixin/components/uni-icons/uni-icons.js":{"language":"JavaScript","code":10,"comment":0,"blank":1},"file:///d%3A/project/project-rjwm-weixin-uniapp/unpackage/dist/build/mp-weixin/components/uni-nav-bar/uni-nav-bar.json":{"language":"JSON","code":7,"comment":0,"blank":0},"file:///d%3A/project/project-rjwm-weixin-uniapp/unpackage/dist/build/mp-weixin/components/uni-nav-bar/uni-nav-bar.js":{"language":"JavaScript","code":10,"comment":0,"blank":1},"file:///d%3A/project/project-rjwm-weixin-uniapp/unpackage/dist/build/mp-weixin/components/reach-bottom/reach-bottom.js":{"language":"JavaScript","code":10,"comment":0,"blank":1},"file:///d%3A/project/project-rjwm-weixin-uniapp/unpackage/dist/build/mp-weixin/components/empty/empty.json":{"language":"JSON","code":4,"comment":0,"blank":0},"file:///d%3A/project/project-rjwm-weixin-uniapp/unpackage/dist/build/mp-weixin/components/empty/empty.js":{"language":"JavaScript","code":10,"comment":0,"blank":1},"file:///d%3A/project/project-rjwm-weixin-uniapp/unpackage/dist/build/mp-weixin/app.json":{"language":"JSON","code":24,"comment":0,"blank":0},"file:///d%3A/project/project-rjwm-weixin-uniapp/unpackage/dist/build/mp-weixin/components/reach-bottom/reach-bottom.json":{"language":"JSON","code":4,"comment":0,"blank":0},"file:///d%3A/project/project-rjwm-weixin-uniapp/unpackage/dist/build/mp-weixin/app.js":{"language":"JavaScript","code":3,"comment":0,"blank":1},"file:///d%3A/project/project-rjwm-weixin-uniapp/unpackage/dist/build/h5/index.html":{"language":"HTML","code":2,"comment":0,"blank":0},"file:///d%3A/project/project-rjwm-weixin-uniapp/unpackage/dist/build/mp-weixin/common/runtime.js":{"language":"JavaScript","code":2,"comment":0,"blank":2},"file:///d%3A/project/project-rjwm-weixin-uniapp/unpackage/dist/build/mp-weixin/common/main.js":{"language":"JavaScript","code":1,"comment":0,"blank":0},"file:///d%3A/project/project-rjwm-weixin-uniapp/project.private.config.json":{"language":"JSON","code":7,"comment":0,"blank":0},"file:///d%3A/project/project-rjwm-weixin-uniapp/README.md":{"language":"Markdown","code":56,"comment":16,"blank":44},"file:///d%3A/project/project-rjwm-weixin-uniapp/project.config.json":{"language":"JSON","code":57,"comment":0,"blank":0},"file:///d%3A/project/project-rjwm-weixin-uniapp/pages.json":{"language":"JSON","code":107,"comment":9,"blank":5},"file:///d%3A/project/project-rjwm-weixin-uniapp/pages/success/index.vue":{"language":"Vue","code":143,"comment":8,"blank":4},"file:///d%3A/project/project-rjwm-weixin-uniapp/pages/remark/index.vue":{"language":"Vue","code":85,"comment":17,"blank":13},"file:///d%3A/project/project-rjwm-weixin-uniapp/pages/pay/index.vue":{"language":"Vue","code":136,"comment":4,"blank":9},"file:///d%3A/project/project-rjwm-weixin-uniapp/pages/order/index.vue":{"language":"Vue","code":249,"comment":6,"blank":12},"file:///d%3A/project/project-rjwm-weixin-uniapp/pages/order/style.scss":{"language":"SCSS","code":893,"comment":82,"blank":23},"file:///d%3A/project/project-rjwm-weixin-uniapp/pages/nonet/index.vue":{"language":"Vue","code":69,"comment":0,"blank":1},"file:///d%3A/project/project-rjwm-weixin-uniapp/pages/order/index.js":{"language":"JavaScript","code":435,"comment":56,"blank":26},"file:///d%3A/project/project-rjwm-weixin-uniapp/pages/my/my.vue":{"language":"Vue","code":399,"comment":18,"blank":19},"file:///d%3A/project/project-rjwm-weixin-uniapp/pages/index/style.scss":{"language":"SCSS","code":825,"comment":107,"blank":8},"file:///d%3A/project/project-rjwm-weixin-uniapp/pages/historyOrder/historyOrder.vue":{"language":"Vue","code":271,"comment":18,"blank":11},"file:///d%3A/project/project-rjwm-weixin-uniapp/pages/index/index.vue":{"language":"Vue","code":276,"comment":2,"blank":3},"file:///d%3A/project/project-rjwm-weixin-uniapp/pages/index/index.js":{"language":"JavaScript","code":544,"comment":147,"blank":26},"file:///d%3A/project/project-rjwm-weixin-uniapp/pages/index/food-menu.vue":{"language":"Vue","code":44,"comment":3,"blank":3},"file:///d%3A/project/project-rjwm-weixin-uniapp/pages/index/food-component.vue":{"language":"Vue","code":51,"comment":0,"blank":4},"file:///d%3A/project/project-rjwm-weixin-uniapp/pages/index/file.vue":{"language":"Vue","code":306,"comment":5,"blank":5},"file:///d%3A/project/project-rjwm-weixin-uniapp/unpackage/dist/build/mp-weixin/common/vendor.js":{"language":"JavaScript","code":3,"comment":10,"blank":0},"file:///d%3A/project/project-rjwm-weixin-uniapp/pages/api/api.js":{"language":"JavaScript","code":265,"comment":42,"blank":45},"file:///d%3A/project/project-rjwm-weixin-uniapp/unpackage/dist/dev/mp-weixin/common/vendor.js":{"language":"JavaScript","code":21294,"comment":1915,"blank":5714},"file:///d%3A/project/project-rjwm-weixin-uniapp/unpackage/dist/dev/app-plus/app-view.js":{"language":"JavaScript","code":4350,"comment":735,"blank":508},"file:///d%3A/project/project-rjwm-weixin-uniapp/unpackage/dist/dev/app-plus/app-service.js":{"language":"JavaScript","code":6170,"comment":821,"blank":725},"file:///d%3A/project/project-rjwm-weixin-uniapp/unpackage/dist/build/h5/static/js/chunk-vendors.6d9b4405.js":{"language":"JavaScript","code":3,"comment":10,"blank":0},"file:///d%3A/project/project-rjwm-weixin-uniapp/pages/details/index.vue":{"language":"Vue","code":179,"comment":0,"blank":4},"file:///d%3A/project/project-rjwm-weixin-uniapp/pages/details/index.js":{"language":"JavaScript","code":211,"comment":24,"blank":3},"file:///d%3A/project/project-rjwm-weixin-uniapp/pages/address/address.vue":{"language":"Vue","code":313,"comment":24,"blank":13},"file:///d%3A/project/project-rjwm-weixin-uniapp/pages/addOrEditAddress/addOrEditAddress.vue":{"language":"Vue","code":618,"comment":24,"blank":22},"file:///d%3A/project/project-rjwm-weixin-uniapp/pages/common/Navbar/navbar.vue":{"language":"Vue","code":31,"comment":10,"blank":3},"file:///d%3A/project/project-rjwm-weixin-uniapp/pages/common/Navbar/navbar.scss":{"language":"SCSS","code":63,"comment":3,"blank":3},"file:///d%3A/project/project-rjwm-weixin-uniapp/manifest.json":{"language":"JSON","code":68,"comment":8,"blank":1},"file:///d%3A/project/project-rjwm-weixin-uniapp/package.json":{"language":"JSON","code":5,"comment":0,"blank":1},"file:///d%3A/project/project-rjwm-weixin-uniapp/main.js":{"language":"JavaScript","code":12,"comment":0,"blank":4},"file:///d%3A/project/project-rjwm-weixin-uniapp/pages/common/simple-address/city-data/province.js":{"language":"JavaScript","code":142,"comment":1,"blank":1},"file:///d%3A/project/project-rjwm-weixin-uniapp/pages/common/simple-address/city-data/city.js":{"language":"JavaScript","code":1506,"comment":1,"blank":1},"file:///d%3A/project/project-rjwm-weixin-uniapp/App.vue":{"language":"Vue","code":63,"comment":37,"blank":15},"file:///d%3A/project/project-rjwm-weixin-uniapp/components/uni-popup/index.vue":{"language":"Vue","code":108,"comment":10,"blank":25},"file:///d%3A/project/project-rjwm-weixin-uniapp/components/uni-status-bar/uni-status-bar.vue":{"language":"Vue","code":22,"comment":1,"blank":3},"file:///d%3A/project/project-rjwm-weixin-uniapp/components/uni-piker/index.vue":{"language":"Vue","code":163,"comment":17,"blank":24},"file:///d%3A/project/project-rjwm-weixin-uniapp/components/uni-nav-bar/uni-nav-bar.vue":{"language":"Vue","code":187,"comment":20,"blank":18},"file:///d%3A/project/project-rjwm-weixin-uniapp/components/uni-phone/index.vue":{"language":"Vue","code":37,"comment":2,"blank":5},"file:///d%3A/project/project-rjwm-weixin-uniapp/components/uni-icons/uni-icons.vue":{"language":"Vue","code":49,"comment":4,"blank":5},"file:///d%3A/project/project-rjwm-weixin-uniapp/components/uni-icons/icons.js":{"language":"JavaScript","code":96,"comment":0,"blank":1},"file:///d%3A/project/project-rjwm-weixin-uniapp/components/empty/empty.vue":{"language":"Vue","code":51,"comment":6,"blank":4},"file:///d%3A/project/project-rjwm-weixin-uniapp/components/reach-bottom/reach-bottom.vue":{"language":"Vue","code":42,"comment":0,"blank":4},"file:///d%3A/project/project-rjwm-weixin-uniapp/pages/common/simple-address/city-data/area.js":{"language":"JavaScript","code":12547,"comment":1,"blank":1},"file:///d%3A/project/project-rjwm-weixin-uniapp/pages/common/city.data.js":{"language":"JavaScript","code":51603,"comment":0,"blank":2}}